,S.No,Symbol,LTP,Point Change,% Change,Open,High,Low,Volume,Prev. Close
0,1,ACLBSL,967.00,18.00,1.90,977.40,977.40,954.00,470.00,949.00
1,2,ADBL,315.30,2.30,0.73,317.90,318.50,312.30,"41,552.00",313.00
2,3,ADBLD83,"1,051.90",-18.10,-1.69,"1,051.90","1,051.90","1,051.90",25.00,"1,070.00"
3,4,AHL,506.00,-9.00,-1.75,505.00,518.50,504.00,"14,648.00",515.00
4,5,AHPC,289.00,5.00,1.76,275.00,289.00,275.00,"83,890.00",284.00
5,6,AKJCL,417.80,15.80,3.93,402.00,420.00,402.00,"1,278,371.00",402.00
6,7,AKPL,277.80,3.30,1.20,275.00,278.80,271.00,"171,946.00",274.50
7,8,ALBSL,"1,123.00",8.00,0.72,"1,086.00","1,125.00","1,086.00","6,362.00","1,115.00"
8,9,ALICL,455.30,3.00,0.66,459.90,459.90,452.00,"7,840.00",452.30
9,10,ANLB,"5,996.00",95.00,1.61,"5,801.00","5,996.00","5,733.00",867.00,"5,901.00"
10,11,API,360.80,3.60,1.01,359.00,363.00,357.20,"429,359.00",357.20
11,12,AVYAN,"1,146.00",7.00,0.61,"1,082.10","1,159.00","1,082.10","4,714.00","1,139.00"
12,13,BANDIPUR,865.00,-10.90,-1.24,910.00,910.00,855.00,"56,430.00",875.90
13,14,BARUN,357.40,6.30,1.79,352.00,359.00,351.00,"34,727.00",351.10
14,15,BBC,"4,822.00",22.00,0.46,"4,818.90","4,832.90","4,766.10",182.00,"4,800.00"
15,16,BEDC,383.60,6.70,1.78,395.70,395.70,377.30,"39,932.00",376.90
16,17,BFC,462.40,4.40,0.96,464.00,469.00,460.10,"12,243.00",458.00
17,18,BGWT,666.40,5.40,0.82,665.00,674.00,665.00,"1,017.00",661.00
18,19,BHCL,596.00,30.00,5.30,566.00,604.90,566.00,"108,733.00",566.00
19,20,BHDC,478.10,14.50,3.13,461.20,480.00,461.20,"40,973.00",463.60
20,21,BHL,228.70,2.70,1.19,237.00,237.00,225.00,"161,537.00",226.00
21,22,BHPL,533.20,3.40,0.64,530.10,537.80,530.00,"4,458.00",529.80
22,23,BJHL,989.00,36.00,3.78,952.00,"1,000.00",945.00,"14,617.00",953.00
23,24,BNHC,337.10,4.00,1.20,333.10,343.00,332.00,"7,278.00",333.10
24,25,BNL,"14,819.00",431.90,3.00,"14,818.70","14,819.00","14,818.70",20.00,"14,387.10"
25,26,BNT,"11,890.00",299.40,2.58,"11,590.00","11,900.00","11,590.00",50.00,"11,590.60"
26,27,BPCL,705.00,6.00,0.86,699.00,709.00,680.00,"51,676.00",699.00
27,28,BUNGAL,734.00,-80.00,-9.83,773.30,773.30,706.00,"78,697.00",814.00
28,29,C30MF,10.00,0.17,1.73,9.89,10.20,9.89,"11,500.00",9.83
29,30,CBBL,923.00,6.00,0.65,924.30,924.30,918.00,"14,775.00",917.00
30,31,CFCL,504.00,1.00,0.20,510.00,510.00,496.00,"5,723.00",503.00
31,32,CGH,803.00,-0.80,-0.10,799.00,814.70,795.00,"28,593.00",803.80
32,33,CHCL,489.90,7.90,1.64,482.50,490.00,482.50,"67,158.00",482.00
33,34,CHDC,"2,313.00",13.00,0.57,"2,300.00","2,328.00","2,286.00","10,817.00","2,300.00"
34,35,CHL,299.00,2.00,0.67,288.10,302.00,288.10,"43,600.00",297.00
35,36,CIT,"1,773.80",6.80,0.38,"1,767.00","1,789.90","1,765.00","4,119.00","1,767.00"
36,37,CITY,377.00,6.00,1.62,374.00,383.90,373.00,"119,087.00",371.00
37,38,CKHL,677.50,3.60,0.53,658.00,688.00,658.00,578.00,673.90
38,39,CLI,458.00,6.00,1.33,452.00,459.80,452.00,"17,291.00",452.00
39,40,CMF2,10.01,-0.13,-1.28,10.00,10.25,10.00,"2,620.00",10.14
40,41,CORBL,"2,010.00",-56.00,-2.71,"2,050.00","2,079.00","2,000.00","14,937.00","2,066.00"
41,42,CREST,"1,240.00",-78.00,-5.92,"1,252.10","1,260.00","1,143.00","21,491.00","1,318.00"
42,43,CSY,9.45,0.00,0.00,9.17,9.47,9.17,"5,290.00",9.45
43,44,CYCL,"1,484.70",14.60,0.99,"1,482.00","1,485.00","1,463.00",373.00,"1,470.10"
44,45,CZBIL,209.10,1.60,0.77,197.20,210.40,197.20,"46,684.00",207.50
45,46,DDBL,855.00,2.00,0.23,859.00,870.00,853.00,"6,122.00",853.00
46,47,DHEL,672.40,4.30,0.64,650.00,684.90,650.00,"44,779.00",668.10
47,48,DHPL,304.00,2.00,0.66,303.00,311.00,303.00,"3,251.00",302.00
48,49,DLBS,"1,281.10",6.10,0.48,"1,271.00","1,295.00","1,271.00",258.00,"1,275.00"
49,50,DOLTI,363.00,4.10,1.14,341.00,364.90,341.00,"48,936.00",358.90
50,51,DORDI,283.50,6.00,2.16,277.10,287.90,277.10,"53,943.00",277.50
51,52,EBL,711.00,1.00,0.14,719.90,719.90,710.30,"26,329.00",710.00
52,53,EBLD85,"1,197.00",-1.00,-0.08,"1,197.00","1,197.00","1,197.00",10.00,"1,198.00"
53,54,EBLD91,"1,081.00",-4.00,-0.37,"1,081.10","1,081.10","1,081.00",100.00,"1,085.00"
54,55,EDBL,587.10,7.10,1.22,583.00,595.00,583.00,"4,358.00",580.00
55,56,EHPL,400.20,5.70,1.44,395.00,402.50,395.00,"22,372.00",394.50
56,57,ENL,903.00,5.00,0.56,912.30,912.30,887.20,533.00,898.00
57,58,FMDBL,797.00,9.70,1.23,792.00,799.00,792.00,"11,070.00",787.30
58,59,FOWAD,"1,050.10",6.10,0.58,"1,068.90","1,068.90","1,047.00","2,184.00","1,044.00"
59,60,GBBL,421.60,0.60,0.14,421.00,425.00,420.00,"28,164.00",421.00
60,61,GBILD86/87,"1,086.00",5.90,0.55,"1,086.00","1,086.00","1,086.00",25.00,"1,080.10"
61,62,GBIME,238.90,2.10,0.89,236.00,239.00,235.20,"62,203.00",236.80
62,63,GBIMESY2,9.57,0.26,2.79,9.31,9.58,9.25,"4,300.00",9.31
63,64,GBLBS,779.00,3.10,0.40,788.00,788.00,766.00,"3,269.00",775.90
64,65,GCIL,435.00,11.00,2.59,418.20,435.00,418.00,"60,458.00",424.00
65,66,GFCL,631.10,-3.90,-0.61,635.00,643.00,630.20,"5,277.00",635.00
66,67,GHL,245.90,3.90,1.61,245.00,247.90,241.30,"66,641.00",242.00
67,68,GIBF1,11.00,0.00,0.00,10.90,11.33,10.90,"6,100.00",11.00
68,69,GILB,"1,155.00",25.00,2.21,"1,125.00","1,157.00","1,125.00",990.00,"1,130.00"
69,70,GLBSL,"1,830.00",21.00,1.16,"1,830.00","1,850.00","1,805.00",232.00,"1,809.00"
70,71,GLH,277.50,3.50,1.28,274.00,279.00,274.00,"47,553.00",274.00
71,72,GMFBS,"1,285.10",-0.90,-0.07,"1,261.00","1,315.00","1,261.00","1,237.00","1,286.00"
72,73,GMFIL,475.90,6.00,1.28,479.90,479.90,466.40,"1,570.00",469.90
73,74,GMLI,"1,279.00",9.10,0.72,"1,270.00","1,300.00","1,261.00","3,192.00","1,269.90"
74,75,GRDBL,"1,096.50",-13.50,-1.22,"1,061.10","1,129.90","1,061.10","9,289.00","1,110.00"
75,76,GSY,10.00,0.00,0.00,9.99,10.10,9.91,"72,200.00",10.00
76,77,GUFL,540.00,5.00,0.93,520.00,544.80,520.00,"7,738.00",535.00
77,78,GVL,495.50,3.60,0.73,492.00,500.00,492.00,"12,681.00",491.90
78,79,H8020,12.01,0.03,0.25,12.33,12.33,11.81,"21,735.00",11.98
79,80,HATHY,805.00,6.00,0.75,810.90,810.90,803.00,"2,755.00",799.00
80,81,HBL,206.10,3.10,1.53,202.00,207.00,200.80,"53,929.00",203.00
81,82,HBLD83,"1,065.00",29.00,2.80,"1,036.00","1,065.00","1,036.00",45.00,"1,036.00"
82,83,HDHPC,233.50,2.80,1.21,230.70,236.00,230.70,"197,364.00",230.70
83,84,HDL,"1,171.90",4.00,0.34,"1,180.00","1,180.00","1,168.00","19,914.00","1,167.90"
84,85,HEI,533.20,-2.70,-0.50,535.00,583.00,533.00,"8,419.00",535.90
85,86,HEIP,326.00,6.00,1.88,328.90,328.90,326.00,599.00,320.00
86,87,HFIN,"1,024.00",24.00,2.40,985.00,"1,042.00",985.00,"70,467.00","1,000.00"
87,88,HHL,377.00,-1.00,-0.26,396.90,396.90,376.00,"64,136.00",378.00
88,89,HIDCL,274.90,3.40,1.25,270.00,276.80,270.00,"71,736.00",271.50
89,90,HIDCLP,210.00,2.70,1.30,209.20,210.70,207.40,"169,639.00",207.30
90,91,HIMSTAR,908.00,-10.00,-1.09,900.00,929.50,900.00,"7,807.00",918.00
91,92,HLBSL,900.00,2.00,0.22,910.00,920.00,893.00,622.00,898.00
92,93,HLI,342.20,2.40,0.71,344.00,344.30,340.00,"38,472.00",339.80
93,94,HLICF,9.00,0.13,1.47,9.10,9.12,8.90,"40,060.00",8.87
94,95,HPPL,385.10,4.10,1.08,381.30,388.00,381.00,"12,833.00",381.00
95,96,HRL,652.10,10.70,1.67,641.00,661.00,640.50,"106,053.00",641.40
96,97,HURJA,267.90,4.90,1.86,262.00,269.00,262.00,"75,441.00",263.00
97,98,ICFC,637.00,6.00,0.95,630.90,639.50,629.00,"6,510.00",631.00
98,99,ICFCD88,"1,145.00",-5.00,-0.43,"1,145.00","1,145.00","1,145.00",25.00,"1,150.00"
99,100,ICFCD89,"1,090.00",-9.00,-0.82,"1,081.00","1,095.00","1,081.00",125.00,"1,099.00"
100,101,IGI,438.10,8.10,1.88,439.90,439.90,431.80,"8,904.00",430.00
101,102,IHL,443.00,1.00,0.23,442.00,451.10,425.00,"112,943.00",442.00
102,103,ILBS,940.00,0.10,0.01,935.00,947.20,920.10,"3,288.00",939.90
103,104,ILI,442.00,2.10,0.48,437.00,444.00,437.00,"5,940.00",439.90
104,105,JBBL,367.00,5.50,1.52,343.50,367.90,343.50,"30,802.00",361.50
105,106,JBLB,"1,310.00",8.00,0.61,"1,305.00","1,325.00","1,305.00","2,812.00","1,302.00"
106,107,JFL,414.50,6.50,1.59,409.00,414.90,409.00,"2,169.00",408.00
107,108,JHAPA,"1,492.00",-7.00,-0.47,"1,480.00","1,543.70","1,438.00","23,875.00","1,499.00"
108,109,JOSHI,288.00,3.50,1.23,282.10,290.00,282.10,"14,635.00",284.50
109,110,JSLBB,"1,084.10",-5.00,-0.46,"1,078.50","1,084.10","1,078.10",101.00,"1,089.10"
110,111,KBL,223.40,4.70,2.15,220.00,224.00,219.00,"259,047.00",218.70
111,112,KBSH,"1,500.00",0.00,0.00,"1,470.20","1,500.20","1,470.20",280.00,"1,500.00"
112,113,KDBY,11.65,0.20,1.75,11.41,11.70,11.41,"278,200.00",11.45
113,114,KDL,834.00,7.20,0.87,850.00,850.00,812.00,"1,582.00",826.80
114,115,KEF,10.81,0.06,0.56,10.75,10.81,10.72,"12,900.00",10.75
115,116,KKHC,271.50,5.40,2.03,273.50,273.50,266.00,"51,459.00",266.10
116,117,KMCDB,861.20,1.20,0.14,860.00,869.00,855.00,"1,147.00",860.00
117,118,KPCL,501.50,8.00,1.62,490.00,502.00,490.00,"8,128.00",493.50
118,119,KSBBL,489.90,7.80,1.62,484.00,490.00,484.00,"35,926.00",482.10
119,120,KSBBLD87,"1,132.00",1.00,0.09,"1,132.00","1,132.00","1,132.00",25.00,"1,131.00"
120,121,KSBBLP,269.00,0.00,0.00,269.00,269.00,269.00,"14,079.00",269.00
121,122,KSY,9.90,0.10,1.02,9.80,9.90,9.61,"21,900.00",9.80
122,123,LBBL,495.50,4.50,0.92,498.10,498.10,491.00,"32,203.00",491.00
123,124,LEC,236.90,3.90,1.67,222.00,237.90,222.00,"111,358.00",233.00
124,125,LICN,822.00,9.00,1.11,829.00,829.00,813.00,"3,955.00",813.00
125,126,LLBS,937.20,-20.80,-2.17,958.00,965.00,937.20,820.00,958.00
126,127,LSL,225.50,-0.40,-0.18,215.00,244.00,215.00,"84,240.00",225.90
127,128,LUK,10.00,0.05,0.50,9.95,10.20,9.95,"5,825.00",9.95
128,129,LVF2,10.19,0.19,1.90,9.80,10.19,9.80,"4,600.00",10.00
129,130,MABEL,755.00,-5.00,-0.66,760.00,782.00,747.00,"30,326.00",760.00
130,131,MAKAR,508.00,-1.70,-0.33,535.10,535.10,504.00,"8,703.00",509.70
131,132,MANDU,830.00,11.10,1.36,815.00,830.00,815.00,"1,007.00",818.90
132,133,MATRI,891.00,-4.00,-0.45,881.00,913.00,880.00,518.00,895.00
133,134,MBJC,289.80,3.80,1.33,286.00,292.00,281.30,"24,276.00",286.00
134,135,MBL,254.90,2.00,0.79,253.70,256.80,253.70,"84,848.00",252.90
135,136,MBLD2085,"1,200.00",-35.00,-2.83,"1,200.00","1,200.00","1,200.00",100.00,"1,235.00"
136,137,MBLEF,10.00,-0.05,-0.50,9.93,10.21,9.93,"6,009.00",10.05
137,138,MCHL,320.10,-2.80,-0.87,323.00,329.90,313.40,"23,615.00",322.90
138,139,MDB,613.20,-1.40,-0.23,615.00,618.00,612.20,"12,000.00",614.60
139,140,MEHL,385.10,5.10,1.34,379.00,390.00,379.00,"2,302.00",380.00
140,141,MEL,244.00,5.90,2.48,238.00,245.00,235.10,"22,153.00",238.10
141,142,MEN,608.00,4.00,0.66,610.00,615.00,606.50,"65,116.00",604.00
142,143,MERO,720.80,2.80,0.39,732.90,733.00,720.00,"3,873.00",718.00
143,144,MFIL,799.80,-2.20,-0.27,785.00,804.80,785.00,"15,660.00",802.00
144,145,MHCL,362.00,-6.90,-1.87,370.00,372.00,362.00,"5,159.00",368.90
145,146,MHL,508.70,8.70,1.74,500.00,510.00,498.50,"10,263.00",500.00
146,147,MHNL,272.10,2.10,0.78,268.00,276.00,268.00,"5,702.00",270.00
147,148,MKCL,"1,299.00",11.00,0.85,"1,290.00","1,310.00","1,272.10","1,085.00","1,288.00"
148,149,MKHC,338.00,18.00,5.62,320.00,342.90,320.00,"58,806.00",320.00
149,150,MKHL,553.10,8.10,1.49,523.10,574.80,523.10,"7,393.00",545.00
150,151,MKJC,497.10,7.10,1.45,500.00,501.60,493.20,"4,090.00",490.00
151,152,MLBBL,"1,189.00",-9.00,-0.75,"1,220.00","1,220.00","1,183.00","2,549.00","1,198.00"
152,153,MLBL,370.00,4.10,1.12,369.90,370.90,367.30,"14,685.00",365.90
153,154,MLBS,"1,270.10",-8.90,-0.70,"1,250.00","1,300.00","1,250.00",190.00,"1,279.00"
154,155,MLBSL,"1,820.00",20.00,1.11,"1,790.00","1,820.00","1,790.00",454.00,"1,800.00"
155,156,MMF1,9.45,-0.14,-1.46,9.70,9.70,9.39,"4,705.00",9.59
156,157,MMKJL,512.40,11.40,2.28,494.00,515.00,494.00,"2,234.00",501.00
157,158,MNBBL,377.40,4.50,1.21,374.30,379.00,374.00,"28,233.00",372.90
158,159,MNMF1,10.00,0.00,0.00,9.90,10.00,9.90,"22,006.00",10.00
159,160,MPFL,628.00,8.50,1.37,624.90,629.00,613.00,"4,951.00",619.50
160,161,MSHL,707.00,12.00,1.73,695.00,707.00,686.00,703.00,695.00
161,162,MSLB,"1,242.00",2.00,0.16,"1,272.00","1,272.00","1,235.00","1,440.00","1,240.00"
162,163,NABBC,957.00,7.00,0.74,930.00,968.00,930.00,"4,939.00",950.00
163,164,NABIL,535.10,5.10,0.96,530.00,536.00,530.00,"53,893.00",530.00
164,165,NABILD2089,"1,095.10",-4.90,-0.45,"1,125.00","1,133.00","1,095.10",335.00,"1,100.00"
165,166,NADEP,757.00,12.00,1.61,741.00,763.20,735.40,940.00,745.00
166,167,NBF2,9.92,-0.03,-0.30,9.95,10.10,9.90,"5,950.00",9.95
167,168,NBF3,9.96,0.01,0.10,9.95,9.96,9.95,"4,700.00",9.95
168,169,NBL,273.90,8.60,3.24,252.10,276.00,252.10,"121,606.00",265.30
169,170,NBLD85,"1,081.00",28.90,2.75,"1,079.50","1,081.00","1,079.50",50.00,"1,052.10"
170,171,NBLD87,"1,091.30",-33.70,-3.00,"1,091.30","1,091.30","1,091.30",25.00,"1,125.00"
171,172,NESDO,"1,555.00",31.00,2.03,"1,535.10","1,569.00","1,535.00","1,140.00","1,524.00"
172,173,NFS,577.00,7.00,1.23,584.00,584.00,570.00,"9,009.00",570.00
173,174,NGPL,459.20,7.70,1.71,435.00,462.00,435.00,"290,990.00",451.50
174,175,NHDL,644.00,7.10,1.11,636.90,646.00,636.90,144.00,636.90
175,176,NHPC,297.60,2.60,0.88,309.70,309.70,295.00,"385,906.00",295.00
176,177,NIBD84,"1,052.10",2.00,0.19,"1,052.10","1,052.10","1,052.10",25.00,"1,050.10"
177,178,NIBLGF,9.50,-0.41,-4.14,9.62,9.62,9.42,"1,000.00",9.91
178,179,NIBLSTF,9.21,-0.08,-0.86,9.13,9.35,9.13,"2,400.00",9.29
179,180,NIBSF2,9.25,-0.10,-1.07,9.14,9.41,9.14,"4,710.00",9.35
180,181,NICA,356.00,3.50,0.99,365.00,365.00,345.00,"32,546.00",352.50
181,182,NICAD2091,"1,053.60",1.40,0.13,"1,053.60","1,053.60","1,053.60",25.00,"1,052.20"
182,183,NICBF,9.68,0.28,2.98,9.68,9.68,9.68,100.00,9.40
183,184,NICD88,"1,110.00",32.00,2.97,"1,110.00","1,110.00","1,110.00",25.00,"1,078.00"
184,185,NICFC,9.35,-0.05,-0.53,9.17,9.53,9.17,"1,800.00",9.40
185,186,NICGF2,9.50,-0.14,-1.45,9.92,9.92,9.40,"1,600.00",9.64
186,187,NICL,507.00,10.00,2.01,500.00,507.00,497.00,"9,198.00",497.00
187,188,NICLBSL,587.10,13.10,2.28,574.00,599.40,574.00,"8,122.00",574.00
188,189,NICSF,9.20,-0.09,-0.97,9.39,9.39,9.11,"1,800.00",9.29
189,190,NIFRA,267.00,0.20,0.07,266.10,270.00,266.00,"89,532.00",266.80
190,191,NIFRAGED,"1,040.10",4.80,0.46,"1,035.50","1,040.10","1,035.50",75.00,"1,035.30"
191,192,NIL,625.00,11.00,1.79,610.00,625.00,610.00,"4,080.00",614.00
192,193,NIMB,201.00,3.00,1.52,199.00,202.00,198.00,"122,308.00",198.00
193,194,NIMBD90,"1,245.00",-4.00,-0.32,"1,245.00","1,245.00","1,245.00",25.00,"1,249.00"
194,195,NIMBPO,152.70,1.20,0.79,151.50,152.70,151.50,218.00,151.50
195,196,NLG,583.00,8.00,1.39,582.00,590.00,580.00,"7,702.00",575.00
196,197,NLIC,778.00,8.20,1.07,770.00,779.80,765.00,"10,282.00",769.80
197,198,NLICL,592.00,1.00,0.17,595.80,595.80,586.20,"3,396.00",591.00
198,199,NMB,249.00,0.40,0.16,248.00,251.00,247.00,"16,541.00",248.60
199,200,NMBD87/88,"1,090.50",0.00,0.00,"1,090.50","1,090.50","1,090.50",25.00,"1,090.50"
200,201,NMBHF2,9.70,0.03,0.31,9.60,9.70,9.60,"21,700.00",9.67
201,202,NMBMF,653.00,21.00,3.32,633.10,655.00,633.10,"2,332.00",632.00
202,203,NMFBS,"1,145.00",5.00,0.44,"1,117.00","1,155.00","1,117.00","7,073.00","1,140.00"
203,204,NMIC,"1,058.00",33.00,3.22,"1,040.00","1,059.80","1,025.00","6,426.00","1,025.00"
204,205,NMLBBL,592.00,4.00,0.68,571.00,593.90,571.00,"3,818.00",588.00
205,206,NRIC,922.10,14.00,1.54,914.10,924.70,911.00,"8,440.00",908.10
206,207,NRM,383.90,19.80,5.44,345.90,388.00,345.90,"34,194.00",364.10
207,208,NRN,"1,406.70",7.70,0.55,"1,425.00","1,440.00","1,387.00","46,582.00","1,399.00"
208,209,NSIF2,10.72,-0.03,-0.28,10.60,10.75,10.60,"3,100.00",10.75
209,210,NSY,9.63,-0.05,-0.52,9.44,9.63,9.44,"6,970.00",9.68
210,211,NTC,898.00,7.60,0.85,890.00,899.90,888.50,"14,108.00",890.40
211,212,NUBL,657.10,-2.90,-0.44,665.00,665.00,656.00,"2,925.00",660.00
212,213,NWCL,816.00,12.00,1.49,803.00,818.90,803.00,"1,160.00",804.00
213,214,NYADI,400.00,8.90,2.28,399.90,401.00,391.00,"4,545.00",391.10
214,215,OHL,701.00,8.60,1.24,708.00,712.00,700.00,"2,389.00",692.40
215,216,OMPL,"1,187.00",7.00,0.59,"1,190.00","1,210.00","1,185.10","4,897.00","1,180.00"
216,217,PBD84,"1,140.00",0.00,0.00,"1,140.00","1,140.00","1,140.00",35.00,"1,140.00"
217,218,PBD85,"1,081.00",1.00,0.09,"1,081.00","1,081.00","1,081.00",25.00,"1,080.00"
218,219,PBLD84,"1,085.10",-3.00,-0.28,"1,085.10","1,085.10","1,085.10",50.00,"1,088.10"
219,220,PCBL,243.60,3.10,1.29,240.50,244.70,239.00,"49,235.00",240.50
220,221,PCIL,854.00,27.00,3.26,827.00,860.00,815.00,"58,524.00",827.00
221,222,PFL,377.90,2.90,0.77,379.00,379.00,370.00,"3,256.00",375.00
222,223,PHCL,312.00,2.80,0.91,308.00,315.00,308.00,"44,639.00",309.20
223,224,PMHPL,350.90,8.90,2.60,343.90,352.00,343.00,"15,670.00",342.00
224,225,PMLI,470.20,0.20,0.04,470.00,475.00,462.50,"2,651.00",470.00
225,226,PPCL,392.00,12.00,3.16,380.00,393.90,378.00,"9,922.00",380.00
226,227,PPL,366.00,12.00,3.39,357.00,369.90,357.00,"65,705.00",354.00
227,228,PRIN,665.00,3.00,0.45,669.90,669.90,656.00,"3,129.00",662.00
228,229,PROFL,442.20,-1.80,-0.41,456.00,457.00,442.00,"4,112.00",444.00
229,230,PRSF,12.94,-0.01,-0.08,13.00,13.14,12.94,"323,100.00",12.95
230,231,PRVU,202.20,4.20,2.12,188.10,203.00,188.10,"102,733.00",198.00
231,232,PSF,12.17,-0.04,-0.33,12.01,12.20,12.01,"56,350.00",12.21
232,233,PURE,990.00,5.00,0.51,"1,030.00","1,030.00",990.00,"18,002.00",985.00
233,234,RADHI,802.00,19.00,2.43,785.00,805.00,780.00,"57,673.00",783.00
234,235,RAWA,590.00,6.00,1.03,613.00,613.00,575.00,"2,354.00",584.00
235,236,RBBD2088,"1,067.00",-18.30,-1.69,"1,056.70","1,067.00","1,056.70",50.00,"1,085.30"
236,237,RBBF40,9.41,-0.04,-0.42,9.33,9.69,9.33,"2,100.00",9.45
237,238,RBCL,"15,292.90",361.90,2.42,"14,994.00","15,292.90","14,994.00",70.00,"14,931.00"
238,239,RFPL,381.50,5.30,1.41,360.00,382.90,360.00,"24,161.00",376.20
239,240,RHGCL,306.00,8.00,2.68,295.10,306.90,291.00,"42,841.00",298.00
240,241,RHPL,283.10,4.10,1.47,279.00,285.00,278.00,"18,173.00",279.00
241,242,RIDI,373.00,6.30,1.72,368.00,378.10,365.10,"579,596.00",366.70
242,243,RLEL,"1,085.00",58.10,5.66,"1,026.00","1,098.00","1,026.00","24,873.00","1,026.90"
243,244,RLFL,445.00,6.10,1.39,430.00,447.00,430.00,"15,536.00",438.90
244,245,RMF1,9.88,-0.12,-1.20,9.85,10.00,9.85,"3,400.00",10.00
245,246,RMF2,10.20,-0.30,-2.86,10.20,10.20,10.20,"2,700.00",10.50
246,247,RNLI,470.10,5.10,1.10,466.00,471.00,461.00,"30,761.00",465.00
247,248,RSDC,673.50,5.70,0.85,674.00,680.00,665.00,"3,791.00",667.80
248,249,RSML,"3,830.00",100.00,2.68,"3,700.00","3,850.00","3,700.00","31,065.00","3,730.00"
249,250,RSY,10.15,-0.20,-1.93,10.04,10.45,10.04,"14,000.00",10.35
250,251,RURU,663.00,3.00,0.45,670.00,670.00,655.00,"5,250.00",660.00
251,252,SABBL,"1,279.00",32.00,2.57,"1,250.00","1,285.00","1,242.10","9,055.00","1,247.00"
252,253,SADBL,420.90,4.90,1.18,416.00,421.50,416.00,"17,364.00",416.00
253,254,SAGAR,"1,742.20",25.20,1.47,"1,722.00","1,757.00","1,722.00","6,136.00","1,717.00"
254,255,SAGF,10.20,0.00,0.00,10.15,10.20,10.15,"1,400.00",10.20
255,256,SAHAS,676.00,12.00,1.81,664.00,679.90,664.00,"186,064.00",664.00
256,257,SAIL,"1,158.00",10.00,0.87,"1,148.00","1,173.00","1,148.00","22,164.00","1,148.00"
257,258,SALICO,595.00,5.00,0.85,595.00,611.00,593.00,"8,584.00",590.00
258,259,SAND2085,"1,124.30",0.30,0.03,"1,124.30","1,124.30","1,124.30",3.00,"1,124.00"
259,260,SANIMA,368.00,2.50,0.68,370.00,387.50,365.60,"127,867.00",365.50
260,261,SANVI,741.00,2.00,0.27,702.10,760.00,702.10,"27,219.00",739.00
261,262,SAPDBL,804.00,1.10,0.14,795.00,814.90,795.00,"15,724.00",802.90
262,263,SARBTM,866.00,11.00,1.29,858.80,869.90,858.10,"8,768.00",855.00
263,264,SBCF,9.70,-0.20,-2.02,9.65,9.70,9.65,"2,700.00",9.90
264,265,SBI,400.00,-5.00,-1.23,396.00,404.00,396.00,"8,990.00",405.00
265,266,SBID83,"1,064.00",-1.00,-0.09,"1,065.30","1,065.40","1,063.00",911.00,"1,065.00"
266,267,SBL,399.90,-1.00,-0.25,402.00,403.00,399.00,"83,418.00",400.90
267,268,SCB,657.00,3.80,0.58,664.30,664.30,653.10,"10,330.00",653.20
268,269,SEF,10.11,-0.29,-2.79,10.11,10.11,10.11,"3,200.00",10.40
269,270,SFCL,380.00,10.00,2.70,371.00,380.50,367.30,"12,264.00",370.00
270,271,SFEF,10.14,0.01,0.10,10.13,10.30,10.13,"2,500.00",10.13
271,272,SGHC,382.50,2.50,0.66,382.00,385.00,372.00,"8,285.00",380.00
272,273,SGIC,465.70,1.70,0.37,471.00,471.00,461.00,"5,074.00",464.00
273,274,SHEL,324.00,6.00,1.89,315.00,325.00,315.00,"168,119.00",318.00
274,275,SHINE,415.30,3.30,0.80,414.90,415.90,412.50,"12,218.00",412.00
275,276,SHIVM,693.00,6.10,0.89,684.00,695.00,684.00,"129,127.00",686.90
276,277,SHL,505.00,4.90,0.98,501.50,509.00,500.00,"28,302.00",500.10
277,278,SHLB,"1,465.10",-4.90,-0.33,"1,480.00","1,480.00","1,465.00",30.00,"1,470.00"
278,279,SHPC,527.00,5.30,1.02,533.00,533.00,521.00,"48,995.00",521.70
279,280,SICL,619.00,1.20,0.19,624.00,624.00,613.00,"6,661.00",617.80
280,281,SIFC,546.00,5.00,0.92,540.00,548.00,535.30,"3,880.00",541.00
281,282,SIGS2,10.50,-0.32,-2.96,10.50,10.50,10.50,"1,000.00",10.82
282,283,SIGS3,10.80,-0.06,-0.55,10.66,10.80,10.66,"1,200.00",10.86
283,284,SIKLES,610.00,10.00,1.67,605.00,610.00,600.00,"13,268.00",600.00
284,285,SINDU,725.00,5.00,0.69,713.10,730.00,713.10,"4,172.00",720.00
285,286,SIPD,850.00,35.00,4.29,815.00,860.00,810.00,"38,182.00",815.00
286,287,SJCL,305.00,-1.90,-0.62,302.00,312.60,302.00,"64,025.00",306.90
287,288,SJLIC,435.00,4.00,0.93,429.00,438.00,429.00,"11,535.00",431.00
288,289,SKBBL,771.00,6.00,0.78,791.00,791.00,769.00,"19,042.00",765.00
289,290,SKHEL,"1,315.10",37.10,2.90,"1,290.00","1,348.70","1,278.00","16,592.00","1,278.00"
290,291,SKHL,"1,030.00",80.00,8.42,970.00,"1,040.30",955.00,"54,192.00",950.00
291,292,SLBBL,831.00,8.30,1.01,825.00,836.40,821.10,"5,082.00",822.70
292,293,SLBSL,"1,188.00",8.00,0.68,"1,180.00","1,205.00","1,180.00","1,014.00","1,180.00"
293,294,SLCF,10.02,0.02,0.20,10.30,10.30,10.01,"3,000.00",10.00
294,295,SMATA,771.00,1.00,0.13,770.00,775.00,765.00,"5,467.00",770.00
295,296,SMB,"1,762.10",21.10,1.21,"1,788.00","1,790.00","1,751.00",574.00,"1,741.00"
296,297,SMFBS,"1,514.00",-21.00,-1.37,"1,513.30","1,525.10","1,502.00","1,458.00","1,535.00"
297,298,SMH,598.50,4.50,0.76,594.00,600.00,585.20,"8,057.00",594.00
298,299,SMHL,506.00,7.00,1.40,500.10,508.00,500.10,"32,216.00",499.00
299,300,SMJC,489.00,1.10,0.23,463.60,499.00,463.60,"52,921.00",487.90
300,301,SMPDA,844.00,6.00,0.72,838.00,854.00,838.00,"1,606.00",838.00
301,302,SNLI,451.60,4.60,1.03,455.00,455.00,447.50,"19,856.00",447.00
302,303,SOHL,701.10,13.10,1.90,685.00,711.00,685.00,"139,170.00",688.00
303,304,SONA,467.00,5.00,1.08,475.00,475.00,455.10,"46,580.00",462.00
304,305,SPC,469.10,10.90,2.38,455.20,478.50,455.20,"3,944.00",458.20
305,306,SPDL,411.00,4.00,0.98,427.00,427.00,408.40,"46,142.00",407.00
306,307,SPHL,526.00,1.00,0.19,500.00,543.00,500.00,"7,625.00",525.00
307,308,SPIL,711.10,1.30,0.18,707.20,713.00,707.20,"4,548.00",709.80
308,309,SPL,714.30,6.30,0.89,705.00,725.00,705.00,440.00,708.00
309,310,SRLI,395.00,1.10,0.28,389.30,397.50,389.30,"21,201.00",393.90
310,311,SSHL,226.00,4.10,1.85,220.00,228.80,220.00,"294,640.00",221.90
311,312,STC,"5,950.00",20.00,0.34,"5,863.00","5,950.00","5,830.00",893.00,"5,930.00"
312,313,SWASTIK,"2,382.00",-18.00,-0.75,"2,415.00","2,473.90","2,375.00",919.00,"2,400.00"
313,314,SWBBL,754.90,13.80,1.86,778.10,778.10,746.00,"4,780.00",741.10
314,315,SWMF,665.00,-4.10,-0.61,670.00,678.90,662.10,"7,502.00",669.10
315,316,SYPNL,"1,520.00",12.10,0.80,"1,459.00","1,535.00","1,459.00","50,475.00","1,507.90"
316,317,TAMOR,461.50,6.50,1.43,456.00,465.00,450.10,"121,944.00",455.00
317,318,TPC,382.60,2.60,0.68,389.00,389.00,375.00,"37,619.00",380.00
318,319,TRH,762.00,6.80,0.90,753.00,765.00,753.00,726.00,755.20
319,320,TSHL,625.00,70.00,12.61,550.00,629.00,550.00,"7,101.00",555.00
320,321,TTL,860.50,4.50,0.53,898.80,898.80,846.00,"27,245.00",856.00
321,322,TVCL,523.00,1.10,0.21,509.10,531.00,509.10,"14,668.00",521.90
322,323,UAIL,443.00,-2.00,-0.45,437.00,453.00,437.00,"7,954.00",445.00
323,324,UHEWA,591.00,7.40,1.27,583.50,591.00,580.00,"11,678.00",583.60
324,325,ULBSL,"2,950.00",30.00,1.03,"2,850.00","2,997.90","2,850.00",625.00,"2,920.00"
325,326,ULHC,483.00,5.50,1.15,478.10,485.70,478.10,"15,900.00",477.50
326,327,UMHL,572.00,8.00,1.42,550.00,574.00,550.00,"16,957.00",564.00
327,328,UMRH,547.60,2.60,0.48,537.20,551.00,537.20,"28,987.00",545.00
328,329,UNHPL,433.00,-1.00,-0.23,420.00,444.00,420.00,"63,960.00",434.00
329,330,UNL,"47,000.00",-330.00,-0.70,"47,102.00","47,102.00","47,000.00",30.00,"47,330.00"
330,331,UNLB,"1,395.00",-29.00,-2.04,"1,385.00","1,421.00","1,385.00",950.00,"1,424.00"
331,332,UPCL,378.00,5.00,1.34,377.00,380.00,373.00,"37,695.00",373.00
332,333,UPPER,210.10,2.60,1.25,197.50,211.90,197.50,"163,340.00",207.50
333,334,USHEC,516.10,9.10,1.79,508.00,520.00,508.00,"35,117.00",507.00
334,335,USHL,634.00,9.00,1.44,630.00,640.00,617.20,538.00,625.00
335,336,USLB,"1,280.00",24.00,1.91,"1,260.00","1,281.00","1,260.00","2,614.00","1,256.00"
336,337,VLBS,701.00,6.10,0.88,691.20,708.00,691.20,"2,183.00",694.90
337,338,VLUCL,500.00,0.00,0.00,514.70,514.70,495.00,"2,523.00",500.00
338,339,WNLB,"1,465.00",-15.00,-1.01,"1,499.00","1,499.00","1,455.00",358.00,"1,480.00"
