By Asset Class,Amount,% of Total Assets,cid
Equity Stocks,"635,630.54",76.70%,885
Bonds & Debentures,-,-,885
IPO/FPO/Rights/Bonus,-,-,885
Banks Fixed Deposits,"40,000.00",4.83%,885
Cash & Others,"153,143.09",18.48%,885
Equity Stocks,"468,503.42",79.18%,184
Bonds & Debentures,-,-,184
IPO/FPO/Rights/Bonus,-,-,184
Banks Fixed Deposits,-,-,184
Cash & Others,"123,179.71",20.82%,184
Equity Stocks,"780,749.03",62.09%,1096
Bonds & Debentures,241.49,0.02%,1096
IPO/FPO/Rights/Bonus,-,-,1096
Banks Fixed Deposits,-,-,1096
Cash & Others,"476,463.72",37.89%,1096
Equity Stocks,"1,289,931.85",81.88%,1092
Bonds & Debentures,604.82,0.04%,1092
IPO/FPO/Rights/Bonus,-,-,1092
Banks Fixed Deposits,-,-,1092
Cash & Others,"284,870.22",18.08%,1092
Equity Stocks,"1,119,509.47",87.97%,815
Bonds & Debentures,"48,474.61",3.81%,815
IPO/FPO/Rights/Bonus,-,-,815
Banks Fixed Deposits,-,-,815
Cash & Others,"104,566.07",8.22%,815
Equity Stocks,"1,181,570.37",86.44%,1049
Bonds & Debentures,"2,997.00",0.22%,1049
IPO/FPO/Rights/Bonus,"7,937.45",0.58%,1049
Banks Fixed Deposits,"30,000.00",2.19%,1049
Cash & Others,"144,379.28",10.56%,1049
Equity Stocks,"763,970.17",60.42%,935
Bonds & Debentures,"91,784.24",7.26%,935
IPO/FPO/Rights/Bonus,"13,899.45",1.10%,935
Banks Fixed Deposits,"115,000.00",9.09%,935
Cash & Others,"279,803.01",22.13%,935
Equity Stocks,"2,066,720.02",44.16%,1091
Bonds & Debentures,"728,680.81",15.57%,1091
IPO/FPO/Rights/Bonus,-,-,1091
Banks Fixed Deposits,-,-,1091
Cash & Others,"1,885,172.65",40.28%,1091
Equity Stocks,"1,379,834.12",87.37%,797
Bonds & Debentures,"107,074.54",6.78%,797
IPO/FPO/Rights/Bonus,"5,338.50",0.34%,797
Banks Fixed Deposits,-,-,797
Cash & Others,"87,128.76",5.52%,797
Equity Stocks,"965,153.38",80.21%,729
Bonds & Debentures,"158,706.82",13.19%,729
IPO/FPO/Rights/Bonus,"4,340.29",0.36%,729
Banks Fixed Deposits,-,-,729
Cash & Others,"75,079.04",6.24%,729
Equity Stocks,"715,734.50",91.02%,956
Bonds & Debentures,"5,444.73",0.69%,956
IPO/FPO/Rights/Bonus,"2,236.98",0.28%,956
Banks Fixed Deposits,-,-,956
Cash & Others,"62,906.24",8.00%,956
Equity Stocks,"522,898.01",77.01%,598
Bonds & Debentures,"10,830.00",1.59%,598
IPO/FPO/Rights/Bonus,991.09,0.15%,598
Banks Fixed Deposits,-,-,598
Cash & Others,"144,280.60",21.25%,598
Equity Stocks,"686,207.12",82.91%,923
Bonds & Debentures,-,-,923
IPO/FPO/Rights/Bonus,"1,215.02",0.15%,923
Banks Fixed Deposits,-,-,923
Cash & Others,"140,280.65",16.95%,923
Equity Stocks,"955,777.07",71.30%,1070
Bonds & Debentures,-,-,1070
IPO/FPO/Rights/Bonus,-,-,1070
Banks Fixed Deposits,"120,000.00",8.95%,1070
Cash & Others,"264,734.07",19.75%,1070
Equity Stocks,"980,685.74",80.74%,764
Bonds & Debentures,"8,991.00",0.74%,764
IPO/FPO/Rights/Bonus,"11,899.07",0.98%,764
Banks Fixed Deposits,-,-,764
Cash & Others,"213,003.82",17.54%,764
Equity Stocks,"1,140,633.98",86.33%,982
Bonds & Debentures,"13,920.02",1.05%,982
IPO/FPO/Rights/Bonus,-,-,982
Banks Fixed Deposits,-,-,982
Cash & Others,"166,703.33",12.62%,982
Equity Stocks,"885,982.78",73.02%,188
Bonds & Debentures,"202,445.27",16.68%,188
IPO/FPO/Rights/Bonus,-,-,188
Banks Fixed Deposits,-,-,188
Cash & Others,"124,921.76",10.30%,188
Equity Stocks,"999,681.19",73.90%,768
Bonds & Debentures,"172,574.64",12.76%,768
IPO/FPO/Rights/Bonus,-,-,768
Banks Fixed Deposits,-,-,768
Cash & Others,"180,580.73",13.35%,768
Equity Stocks,"965,432.88",73.45%,849
Bonds & Debentures,"73,445.00",5.59%,849
IPO/FPO/Rights/Bonus,"92,788.40",7.06%,849
Banks Fixed Deposits,-,-,849
Cash & Others,"182,730.11",13.90%,849
Equity Stocks,"912,272.36",82.77%,954
Bonds & Debentures,"2,714.19",0.25%,954
IPO/FPO/Rights/Bonus,"12,415.19",1.13%,954
Banks Fixed Deposits,-,-,954
Cash & Others,"174,763.94",15.86%,954
Equity Stocks,"1,173,141.81",79.11%,728
Bonds & Debentures,"141,705.24",9.56%,728
IPO/FPO/Rights/Bonus,"34,206.13",2.31%,728
Banks Fixed Deposits,-,-,728
Cash & Others,"133,780.91",9.02%,728
Equity Stocks,"499,853.42",64.59%,192
Bonds & Debentures,"218,292.00",28.21%,192
IPO/FPO/Rights/Bonus,-,-,192
Banks Fixed Deposits,-,-,192
Cash & Others,"55,769.44",7.21%,192
Equity Stocks,"873,374.89",82.32%,798
Bonds & Debentures,"15,000.00",1.41%,798
IPO/FPO/Rights/Bonus,-,-,798
Banks Fixed Deposits,-,-,798
Cash & Others,"172,517.78",16.26%,798
Equity Stocks,"861,178.39",92.61%,949
Bonds & Debentures,-,-,949
IPO/FPO/Rights/Bonus,-,-,949
Banks Fixed Deposits,-,-,949
Cash & Others,"68,716.89",7.39%,949
Equity Stocks,"1,080,450.43",89.31%,735
Bonds & Debentures,-,-,735
IPO/FPO/Rights/Bonus,-,-,735
Banks Fixed Deposits,-,-,735
Cash & Others,"129,371.70",10.69%,735
Equity Stocks,"1,123,347.89",85.14%,597
Bonds & Debentures,"96,915.34",7.35%,597
IPO/FPO/Rights/Bonus,"5,348.05",0.41%,597
Banks Fixed Deposits,-,-,597
Cash & Others,"93,851.30",7.11%,597
Equity Stocks,"917,432.96",62.67%,1066
Bonds & Debentures,"51,356.60",3.51%,1066
IPO/FPO/Rights/Bonus,"8,341.82",0.57%,1066
Banks Fixed Deposits,"356,371.60",24.34%,1066
Cash & Others,"130,400.65",8.91%,1066
Equity Stocks,"1,318,003.29",88.83%,824
Bonds & Debentures,"79,097.49",5.33%,824
IPO/FPO/Rights/Bonus,"8,340.01",0.56%,824
Banks Fixed Deposits,"42,046.51",2.83%,824
Cash & Others,"36,297.23",2.45%,824
Equity Stocks,"1,442,755.14",73.51%,1097
Bonds & Debentures,602.20,0.03%,1097
IPO/FPO/Rights/Bonus,-,-,1097
Banks Fixed Deposits,-,-,1097
Cash & Others,"519,421.45",26.46%,1097
Equity Stocks,"1,453,275.31",97.46%,881
Bonds & Debentures,-,-,881
IPO/FPO/Rights/Bonus,"5,752.85",0.39%,881
Banks Fixed Deposits,-,-,881
Cash & Others,"32,174.88",2.16%,881
Equity Stocks,"1,621,414.95",94.25%,734
Bonds & Debentures,"40,000.00",2.33%,734
IPO/FPO/Rights/Bonus,"5,533.45",0.32%,734
Banks Fixed Deposits,-,-,734
Cash & Others,"53,461.03",3.11%,734
Equity Stocks,"980,285.76",75.44%,1090
Bonds & Debentures,415.00,0.03%,1090
IPO/FPO/Rights/Bonus,"36,874.40",2.84%,1090
Banks Fixed Deposits,-,-,1090
Cash & Others,"281,763.94",21.69%,1090
Equity Stocks,"1,103,399.80",82.99%,736
Bonds & Debentures,"132,881.71",9.99%,736
IPO/FPO/Rights/Bonus,-,-,736
Banks Fixed Deposits,"9,352.18",0.70%,736
Cash & Others,"83,954.89",6.31%,736
Equity Stocks,"829,619.42",87.08%,884
Bonds & Debentures,"33,637.25",3.53%,884
IPO/FPO/Rights/Bonus,"5,283.14",0.55%,884
Banks Fixed Deposits,-,-,884
Cash & Others,"84,218.84",8.84%,884
Equity Stocks,"1,137,338.34",81.82%,1072
Bonds & Debentures,"32,963.16",2.37%,1072
IPO/FPO/Rights/Bonus,-,-,1072
Banks Fixed Deposits,"100,000.00",7.19%,1072
Cash & Others,"119,700.67",8.61%,1072
Equity Stocks,"569,181.08",76.67%,833
Bonds & Debentures,"41,919.29",5.65%,833
IPO/FPO/Rights/Bonus,"3,612.46",0.49%,833
Banks Fixed Deposits,"55,000.00",7.41%,833
Cash & Others,"72,702.45",9.79%,833
Equity Stocks,"1,052,151.99",81.16%,720
Bonds & Debentures,"45,707.00",3.53%,720
IPO/FPO/Rights/Bonus,826.59,0.06%,720
Banks Fixed Deposits,-,-,720
Cash & Others,"197,656.45",15.25%,720
Equity Stocks,"1,371,217.49",85.67%,197
Bonds & Debentures,"14,492.00",0.91%,197
IPO/FPO/Rights/Bonus,"17,403.92",1.09%,197
Banks Fixed Deposits,-,-,197
Cash & Others,"197,405.41",12.33%,197
Equity Stocks,"714,801.60",76.72%,200
Bonds & Debentures,"101,374.00",10.88%,200
IPO/FPO/Rights/Bonus,568.63,0.06%,200
Banks Fixed Deposits,-,-,200
Cash & Others,"114,924.15",12.34%,200
Equity Stocks,"1,128,919.16",83.63%,199
Bonds & Debentures,"26,492.00",1.96%,199
IPO/FPO/Rights/Bonus,"17,517.11",1.30%,199
Banks Fixed Deposits,-,-,199
Cash & Others,"176,986.73",13.11%,199
Equity Stocks,"824,381.54",85.94%,878
Bonds & Debentures,"9,115.00",0.95%,878
IPO/FPO/Rights/Bonus,"13,615.06",1.42%,878
Banks Fixed Deposits,-,-,878
Cash & Others,"112,132.78",11.69%,878
Equity Stocks,"958,638.01",77.13%,629
Bonds & Debentures,"100,767.87",8.11%,629
IPO/FPO/Rights/Bonus,"45,303.95",3.65%,629
Banks Fixed Deposits,-,-,629
Cash & Others,"138,133.86",11.11%,629
