By Sectorwise,Amount,Sector wise,% of total Assets,cid
Commercial Banks,"151,267,704.00",23.92%,18.25%,885
Development Banks,"35,831,163.00",5.67%,4.32%,885
Hotels and Tourism,"21,531,279.00",3.40%,2.60%,885
Hydro Power,"109,196,332.00",17.27%,13.18%,885
Investment,"3,592,000.00",0.57%,0.43%,885
Life Insurance,"54,116,694.00",8.56%,6.53%,885
Manufacturing and Processing,"35,346,207.00",5.59%,4.26%,885
Microfinance,"44,804,000.00",7.08%,5.41%,885
Mutual Fund,"36,412,839.00",5.76%,4.39%,885
Non Life Insurance,"101,720,869.00",16.08%,12.27%,885
Others,"38,584,000.00",6.10%,4.66%,885
Commercial Banks,"232,445,265.00",18.18%,14.75%,1092
Development Banks,"81,783,090.00",6.40%,5.19%,1092
Hotels and Tourism,"114,211,113.00",8.93%,7.25%,1092
Hydro Power,"271,407,546.00",21.23%,17.23%,1092
Investment,"30,916,506.00",2.42%,1.96%,1092
Life Insurance,"156,323,364.00",12.23%,9.92%,1092
Manufacturing and Processing,"119,083,481.00",9.31%,7.56%,1092
Microfinance,"169,513,050.00",13.26%,10.76%,1092
Mutual Fund,"9,703,000.00",0.76%,0.62%,1092
Non Life Insurance,"45,910,224.00",3.59%,2.91%,1092
Others,"47,213,227.00",3.69%,3.00%,1092
Commercial Banks,"189,231,818.00",16.96%,14.87%,815
Development Banks,"43,618,784.00",3.91%,3.43%,815
Hotels and Tourism,"72,059,733.00",6.46%,5.66%,815
Hydro Power,"159,887,703.00",14.33%,12.56%,815
Investment,"18,918,531.00",1.70%,1.49%,815
Life Insurance,"125,058,910.00",11.21%,9.83%,815
Manufacturing and Processing,"100,683,625.00",9.02%,7.91%,815
Microfinance,"106,332,039.00",9.53%,8.36%,815
Mutual Fund,"91,447,749.00",8.20%,7.19%,815
Non Life Insurance,"148,776,316.00",13.33%,11.69%,815
Others,"59,781,229.00",5.36%,4.70%,815
Commercial Banks,"112,436,503.00",9.52%,8.23%,1049
Development Banks,"40,779,832.20",3.45%,2.98%,1049
Hotels and Tourism,"27,859,133.20",2.36%,2.04%,1049
Hydro Power,"362,827,801.30",30.71%,26.54%,1049
Investment,"140,369,772.80",11.88%,10.27%,1049
Life Insurance,"103,656,635.40",8.77%,7.58%,1049
Manufacturing and Processing,"165,517,596.10",14.01%,12.11%,1049
Microfinance,"35,774,041.20",3.03%,2.62%,1049
Mutual Fund,"16,300,882.38",1.38%,1.19%,1049
Non Life Insurance,"121,289,734.50",10.27%,8.87%,1049
Others,"54,758,434.20",4.63%,4.01%,1049
Commercial Banks,"192,695,504.90",19.97%,16.01%,729
Development Banks,"26,079,184.00",2.70%,2.17%,729
Hotels and Tourism,"2,599,558.70",0.27%,0.22%,729
Hydro Power,"74,531,164.30",7.72%,6.19%,729
Investment,"25,079,651.70",2.60%,2.08%,729
Life Insurance,"92,740,098.30",9.61%,7.71%,729
Manufacturing and Processing,"266,060,603.00",27.57%,22.11%,729
Microfinance,"92,511,051.00",9.59%,7.69%,729
Mutual Fund,"66,283,939.28",6.87%,5.51%,729
Non Life Insurance,"121,498,123.00",12.59%,10.10%,729
Others,"5,074,500.00",0.53%,0.42%,729
Commercial Banks,"280,933,818.80",19.33%,18.84%,881
Development Banks,"2,090,352.00",0.14%,0.14%,881
Hotels and Tourism,"12,645,714.60",0.87%,0.85%,881
Hydro Power,"3,848,470.80",0.26%,0.26%,881
Investment,"352,475,007.70",24.25%,23.64%,881
Life Insurance,"45,502,526.00",3.13%,3.05%,881
Manufacturing and Processing,"77,900,447.90",5.36%,5.22%,881
Microfinance,"372,695,656.00",25.65%,24.99%,881
Mutual Fund,"123,434,125.50",8.49%,8.28%,881
Non Life Insurance,"37,024,816.70",2.55%,2.48%,881
Others,"144,724,376.10",9.96%,9.71%,881
Commercial Banks,"316,572,003.50",19.52%,18.40%,734
Development Banks,"2,612,940.00",0.16%,0.15%,734
Hotels and Tourism,"4,384,395.00",0.27%,0.25%,734
Hydro Power,"4,810,588.50",0.30%,0.28%,734
Investment,"501,749,958.30",30.95%,29.16%,734
Life Insurance,"42,863,679.00",2.64%,2.49%,734
Manufacturing and Processing,"108,767,799.90",6.71%,6.32%,734
Microfinance,"310,782,160.00",19.17%,18.06%,734
Mutual Fund,"128,486,523.00",7.92%,7.47%,734
Non Life Insurance,"80,104,976.90",4.94%,4.66%,734
Others,"120,279,930.70",7.42%,6.99%,734
Commercial Banks,"225,008,867.10",19.85%,16.19%,1072
Development Banks,"59,857,568.30",5.28%,4.31%,1072
Hotels and Tourism,"89,289,383.80",7.88%,6.42%,1072
Hydro Power,"156,333,002.40",13.79%,11.25%,1072
Investment,"61,842,595.20",5.46%,4.45%,1072
Life Insurance,"168,791,579.60",14.89%,12.14%,1072
Manufacturing and Processing,"130,465,125.20",11.51%,9.39%,1072
Microfinance,"138,394,628.50",12.21%,9.96%,1072
Mutual Fund,"4,755,814.50",0.42%,0.34%,1072
Non Life Insurance,"87,195,699.90",7.69%,6.27%,1072
Others,"11,694,116.00",1.03%,0.84%,1072
Commercial Banks,"79,767,589.00",14.01%,10.74%,833
Development Banks,"62,810,181.00",11.04%,8.46%,833
Hotels and Tourism,"5,282,369.00",0.93%,0.71%,833
Hydro Power,"48,945,281.00",8.60%,6.59%,833
Investment,"28,092,908.00",4.94%,3.78%,833
Life Insurance,"60,710,575.00",10.67%,8.18%,833
Manufacturing and Processing,"43,962,886.00",7.72%,5.92%,833
Microfinance,"100,860,373.00",17.72%,13.59%,833
Mutual Fund,"47,182,260.00",8.29%,6.36%,833
Non Life Insurance,"51,069,719.00",8.97%,6.88%,833
Others,"40,496,940.00",7.11%,5.45%,833
Commercial Banks,"265,511,587.00",25.24%,20.48%,720
Development Banks,"105,857,778.00",10.06%,8.17%,720
Hotels and Tourism,"2,189,899.00",0.21%,0.17%,720
Hydro Power,"102,152,705.00",9.71%,7.88%,720
Investment,"12,467,429.00",1.18%,0.96%,720
Life Insurance,"116,980,599.00",11.12%,9.02%,720
Manufacturing and Processing,"51,290,273.00",4.87%,3.96%,720
Microfinance,"250,087,980.00",23.77%,19.29%,720
Mutual Fund,"36,225,009.00",3.44%,2.79%,720
Non Life Insurance,"96,589,234.00",9.18%,7.45%,720
Others,"12,799,500.00",1.22%,0.99%,720
Commercial Banks,"308,764,500.20",22.52%,19.29%,197
Development Banks,"77,798,209.00",5.67%,4.86%,197
Hotels and Tourism,"4,546,089.00",0.33%,0.28%,197
Hydro Power,"15,695,386.40",1.14%,0.98%,197
Investment,"362,680,118.40",26.45%,22.66%,197
Life Insurance,"15,883.00",0.00%,0.00%,197
Manufacturing and Processing,"197,575,382.10",14.41%,12.34%,197
Microfinance,"197,295,077.00",14.39%,12.33%,197
Mutual Fund,"97,486,506.00",7.11%,6.09%,197
Non Life Insurance,"18,385,000.00",1.34%,1.15%,197
Others,"90,975,337.90",6.63%,5.68%,197
Commercial Banks,"155,400,347.00",21.74%,16.68%,200
Development Banks,"89,854,037.00",12.57%,9.64%,200
Hotels and Tourism,"1,506,638.00",0.21%,0.16%,200
Hydro Power,"73,898,388.00",10.34%,7.93%,200
Investment,"3,638,331.00",0.51%,0.39%,200
Life Insurance,"88,300,523.00",12.35%,9.48%,200
Manufacturing and Processing,"46,122,479.00",6.45%,4.95%,200
Microfinance,"86,706,766.00",12.13%,9.31%,200
Mutual Fund,"54,922,813.00",7.68%,5.90%,200
Non Life Insurance,"68,761,884.00",9.62%,7.38%,200
Others,"45,689,392.00",6.39%,4.90%,200
Commercial Banks,"175,749,445.30",21.32%,18.32%,878
Development Banks,"52,071,779.00",6.32%,5.43%,878
Hotels and Tourism,"17,035,644.80",2.07%,1.78%,878
Hydro Power,"245,837,640.00",29.82%,25.63%,878
Investment,"6,807,000.00",0.83%,0.71%,878
Life Insurance,"24,032,450.60",2.92%,2.51%,878
Manufacturing and Processing,"153,022,151.00",18.56%,15.95%,878
Microfinance,"47,979,821.50",5.82%,5.00%,878
Mutual Fund,"32,643,965.80",3.96%,3.40%,878
Non Life Insurance,"63,624,561.30",7.72%,6.63%,878
Others,"5,577,084.00",0.68%,0.58%,878
Commercial Banks,"184,264,976.00",19.22%,14.83%,629
Development Banks,"101,951,383.00",10.64%,8.20%,629
Hotels and Tourism,"10,859,682.00",1.13%,0.87%,629
Hydro Power,"113,580,616.00",11.85%,9.14%,629
Investment,"35,953,200.00",3.75%,2.89%,629
Life Insurance,"103,364,540.00",10.78%,8.32%,629
Manufacturing and Processing,"85,211,679.00",8.89%,6.86%,629
Microfinance,"133,163,502.00",13.89%,10.71%,629
Mutual Fund,"36,655,180.00",3.82%,2.95%,629
Non Life Insurance,"89,812,906.00",9.37%,7.23%,629
Others,"63,820,342.00",6.66%,5.14%,629
